序号,单词,总出现次数,覆盖真题套数,学习优先级
1,people,467,29,核心高频
2,based,256,29,核心高频
3,questions,239,29,核心高频
4,time,198,29,核心高频
5,work,182,26,核心高频
6,passage,179,29,核心高频
7,new,177,29,核心高频
8,students,169,20,核心高频
9,heard,151,19,高频
10,many,147,28,核心高频
11,make,132,26,核心高频
12,research,131,28,核心高频
13,food,131,23,核心高频
14,much,122,28,核心高频
15,like,114,28,核心高频
16,said,114,23,核心高频
17,help,113,29,核心高频
18,social,112,23,核心高频
19,school,104,22,核心高频
20,author,100,26,核心高频
21,health,99,24,高频
22,way,98,27,高频
23,life,98,23,高频
24,less,97,28,高频
25,take,96,26,高频
26,women,96,13,高频
27,good,95,28,高频
28,employees,93,14,高频
29,even,91,26,高频
30,too,89,25,高频
31,found,88,25,高频
32,says,87,20,高频
33,say,86,28,高频
34,year,86,24,高频
35,study,85,26,高频
36,get,84,27,高频
37,learn,80,28,高频
38,world,80,21,高频
39,skills,79,19,高频
40,often,78,27,高频
41,likely,78,21,高频
42,think,77,28,高频
43,following,75,28,高频
44,years,75,25,高频
45,children,75,16,高频
46,long,73,26,高频
47,report,73,23,高频
48,find,73,21,高频
49,business,72,21,高频
50,day,71,21,高频
51,job,70,19,高频
52,different,69,24,高频
53,important,68,25,高频
54,now,67,27,高频
55,better,67,22,高频
56,company,67,16,高频
57,use,66,21,高频
58,news,66,20,高频
59,well,65,25,高频
60,need,65,23,高频
61,kids,65,16,高频
62,self,65,16,高频
63,first,64,23,高频
64,online,63,18,高频
65,around,62,22,高频
66,working,62,22,高频
67,change,62,21,高频
68,public,62,21,高频
69,things,62,21,高频
70,become,61,24,高频
71,own,61,24,高频
72,same,61,23,高频
73,high,60,21,高频
74,others,60,20,高频
75,such,59,25,高频
76,education,59,15,高频
77,making,58,23,高频
78,number,58,21,高频
79,learning,58,17,高频
80,still,56,21,高频
81,something,55,24,高频
82,future,55,18,高频
83,men,55,11,高频
84,part,54,22,高频
85,doing,54,21,高频
86,studies,54,20,高频
87,want,53,24,高频
88,conversation,53,20,高频
89,stress,53,11,高频
90,money,52,17,高频
91,media,52,15,高频
92,between,51,24,高频
93,financial,51,10,高频
94,according,50,22,高频
95,very,50,22,高频
96,human,50,21,高频
97,best,50,20,高频
98,companies,50,15,高频
99,success,50,15,高频
100,home,49,15,高频
101,experience,47,20,高频
102,healthy,47,18,高频
103,information,47,15,高频
104,feel,46,19,高频
105,water,46,8,高频
106,however,45,20,高频
107,benefits,45,19,高频
108,music,45,5,高频
109,whether,44,23,高频
110,both,44,22,高频
111,see,44,21,高频
112,problem,44,20,高频
113,made,43,24,高频
114,means,43,21,高频
115,scientists,43,16,高频
116,protein,43,6,高频
117,getting,42,22,高频
118,actually,42,21,高频
119,used,42,21,高频
120,example,42,19,高频
121,researchers,42,18,高频
122,themselves,41,23,高频
123,going,41,21,高频
124,using,41,21,高频
125,come,41,20,高频
126,eating,41,16,高频
127,technology,41,14,高频
128,without,40,20,高频
129,know,40,19,高频
130,teachers,40,13,高频
131,americans,40,12,高频
132,workers,40,12,高频
133,another,39,22,高频
134,little,39,20,高频
135,lot,39,20,高频
136,tend,39,15,高频
137,foods,39,12,高频
138,back,38,22,高频
139,among,38,21,高频
140,greater,38,21,高频
141,great,38,20,高频
142,increase,38,20,高频
143,look,38,19,高频
144,improve,38,18,高频
145,today,38,17,高频
146,off,38,16,高频
147,family,38,13,高频
148,control,38,11,高频
149,keep,37,21,高频
150,possible,37,20,高频
151,really,37,20,高频
152,show,37,20,高频
153,every,37,19,高频
154,american,37,14,高频
155,team,37,13,高频
156,reading,37,12,高频
157,taking,36,18,高频
158,understand,36,18,高频
159,interest,36,16,高频
160,university,36,16,高频
161,avoid,35,18,高频
162,ability,35,17,高频
163,pay,35,16,高频
164,building,35,15,高频
165,data,35,14,高频
166,thinking,35,14,高频
167,traditional,35,14,高频
168,natural,35,12,高频
169,brain,35,9,值得掌握
170,design,35,7,值得掌握
171,fruit,35,7,值得掌握
172,obesity,35,7,值得掌握
173,teens,35,5,值得掌握
174,recent,34,19,高频
175,rather,34,17,高频
176,city,34,16,高频
177,diet,34,15,高频
178,young,34,15,高频
179,animals,34,14,高频
180,having,34,14,高频
181,disease,34,13,高频
182,decisions,34,10,高频
183,participants,34,10,高频
184,age,33,17,高频
185,away,33,16,高频
186,poor,33,16,高频
187,living,33,15,高频
188,parents,33,14,高频
189,culture,33,13,高频
190,schools,33,13,高频
191,give,32,21,高频
192,attention,32,19,高频
193,big,32,19,高频
194,reduce,32,19,高频
195,times,32,19,高频
196,local,32,18,高频
197,end,32,15,高频
198,longer,32,15,高频
199,process,32,15,高频
200,spend,32,15,高频
201,career,32,14,高频
202,knowledge,32,13,高频
203,adults,32,12,高频
204,physical,32,11,高频
205,emotional,32,9,值得掌握
206,meat,32,7,值得掌握
207,old,31,17,高频
208,care,31,15,高频
209,personal,31,15,高频
210,place,31,15,高频
211,during,31,14,高频
212,countries,31,10,高频
213,far,30,20,高频
214,quality,30,18,高频
215,difficult,30,17,高频
216,last,30,17,高频
217,provide,30,17,高频
218,lead,30,16,高频
219,average,30,14,高频
220,percent,30,14,高频
221,play,30,14,高频
222,read,30,14,高频
223,office,30,13,高频
224,man,30,12,高频
225,relationships,30,11,高频
226,training,30,11,高频
227,science,30,10,高频
228,saying,30,8,值得掌握
229,always,29,19,高频
230,simply,29,19,高频
231,popular,29,17,高频
232,believe,29,16,高频
233,person,29,16,高频
234,problems,29,16,高频
235,course,29,15,高频
236,create,29,15,高频
237,industry,29,15,高频
238,right,29,15,高频
239,sense,29,15,高频
240,real,29,14,高频
241,low,29,13,高频
242,behavior,29,12,高频
243,products,29,12,高频
244,lion,29,2,值得掌握
245,given,28,19,高频
246,try,28,18,高频
247,done,28,17,高频
248,support,28,17,高频
249,hard,28,16,高频
250,environment,28,15,高频
251,helps,28,15,高频
252,trying,28,15,高频
253,him,28,14,高频
254,growth,28,13,高频
255,heart,28,13,高频
256,risk,28,13,高频
257,habits,28,11,高频
258,books,28,9,值得掌握
259,goals,28,9,值得掌握
260,diets,28,7,值得掌握
261,fish,28,5,值得掌握
262,higher,27,18,高频
263,since,27,18,高频
264,increasing,27,17,高频
265,ways,27,17,高频
266,able,27,16,高频
267,enjoy,27,16,高频
268,class,27,15,高频
269,few,27,15,高频
270,book,27,14,高频
271,lives,27,14,高频
272,eat,27,12,高频
273,power,27,12,高频
274,days,27,11,高频
275,early,27,11,高频
276,car,27,10,高频
277,term,27,8,值得掌握
278,red,27,7,值得掌握
279,genetic,27,5,值得掌握
280,ideas,26,16,高频
281,impact,26,16,高频
282,comes,26,14,高频
283,open,26,14,高频
284,positive,26,14,高频
285,exercise,26,13,高频
286,energy,26,12,高频
287,performance,26,12,高频
288,space,26,12,高频
289,system,26,12,高频
290,language,26,11,高频
291,present,26,11,高频
292,customers,26,8,值得掌握
293,teenagers,26,6,值得掌握
294,once,25,20,高频
295,result,25,17,高频
296,taken,25,17,高频
297,against,25,16,高频
298,ago,25,16,高频
299,shows,25,16,高频
300,effect,25,15,高频
301,growing,25,14,高频
302,current,25,13,高频
303,body,25,12,高频
304,friends,25,12,高频
305,consumers,25,11,高频
306,experts,25,11,高频
307,games,25,11,高频
308,must,25,11,高频
309,leave,25,10,高频
310,male,25,8,值得掌握
311,busy,25,5,值得掌握
312,juice,25,2,值得掌握
313,daily,24,15,高频
314,least,24,15,高频
315,potential,24,13,高频
316,results,24,13,高频
317,cost,24,12,高频
318,decades,24,12,高频
319,goal,24,11,高频
320,practice,24,11,高频
321,successful,24,10,高频
322,tasks,24,10,高频
323,behaviors,24,9,值得掌握
324,costs,24,9,值得掌握
325,gender,24,6,值得掌握
326,yes,24,6,值得掌握
327,interesting,24,5,值得掌握
328,formula,24,1,值得掌握
329,enough,23,15,高频
330,though,23,15,高频
331,access,23,14,高频
332,america,23,13,高频
333,society,23,13,高频
334,terms,23,13,高频
335,achieve,23,12,高频
336,communication,23,11,高频
337,student,23,11,高频
338,mental,23,8,值得掌握
339,employers,23,7,值得掌握
340,restaurant,23,6,值得掌握
341,cause,22,16,高频
342,easy,22,16,高频
343,focus,22,15,高频
344,never,22,15,高频
345,almost,22,14,高频
346,form,22,14,高频
347,idea,22,14,高频
348,lack,22,14,高频
349,large,22,14,高频
350,lower,22,14,高频
351,someone,22,14,高频
352,stay,22,14,高频
353,tell,22,14,高频
354,ask,22,13,高频
355,effort,22,13,高频
356,makes,22,13,高频
357,creative,22,12,高频
358,follow,22,12,高频
359,paid,22,12,高频
360,set,22,12,高频
361,close,22,11,高频
362,words,22,11,高频
363,college,22,9,值得掌握
364,labor,22,9,值得掌握
365,national,22,8,值得掌握
366,classes,22,7,值得掌握
367,digital,22,7,值得掌握
368,scientific,22,7,值得掌握
369,suggests,21,16,高频
370,nearly,21,15,高频
371,bring,21,13,高频
372,certain,21,13,高频
373,simple,21,13,高频
374,start,21,13,高频
375,develop,21,12,高频
376,past,21,12,高频
377,specific,21,12,高频
378,five,21,11,高频
379,increasingly,21,11,高频
380,internet,21,11,高频
381,decision,21,10,高频
382,negative,21,10,高频
383,playing,21,9,值得掌握
384,calories,21,7,值得掌握
385,weather,21,6,值得掌握
386,balance,21,5,值得掌握
387,numbers,21,4,值得掌握
388,classical,21,2,值得掌握
389,consider,20,17,高频
390,yet,20,16,高频
391,together,20,15,高频
392,encourage,20,14,高频
393,fact,20,14,高频
394,finding,20,14,高频
395,free,20,14,高频
396,generally,20,14,高频
397,importance,20,14,高频
398,needs,20,14,高频
399,similar,20,14,高频
400,whole,20,14,高频
401,across,20,13,高频
402,suggest,20,12,高频
403,weight,20,12,高频
404,reported,20,11,高频
405,task,20,11,高频
406,york,20,11,高频
407,effective,20,10,高频
408,feelings,20,10,高频
409,sports,20,10,高频
410,state,20,10,高频
411,effects,20,9,值得掌握
412,activities,20,8,值得掌握
413,dogs,20,5,值得掌握
414,changing,19,16,高频
415,asked,19,14,高频
416,bad,19,14,高频
417,enable,19,14,高频
418,four,19,13,高频
419,got,19,13,高频
420,major,19,13,高频
421,members,19,13,高频
422,small,19,13,高频
423,view,19,13,高频
424,groups,19,12,高频
425,harm,19,12,高频
426,took,19,12,高频
427,point,19,11,高频
428,seen,19,11,高频
429,born,19,10,高频
430,buy,19,10,高频
431,climate,19,10,高频
432,sometimes,19,10,高频
433,true,19,10,高频
434,value,19,10,高频
435,driving,19,8,值得掌握
436,professor,19,8,值得掌握
437,sugar,19,7,值得掌握
438,traffic,19,6,值得掌握
439,aid,19,3,值得掌握
440,selves,19,3,值得掌握
441,villa,19,1,值得掌握
442,benefit,18,13,高频
443,put,18,13,高频
444,various,18,13,高频
445,came,18,12,高频
446,levels,18,12,高频
447,share,18,12,高频
448,sign,18,12,高频
449,thought,18,12,高频
450,causes,18,11,高频
451,challenges,18,11,高频
452,half,18,11,高频
453,management,18,11,高频
454,needed,18,11,高频
455,strong,18,11,高频
456,private,18,9,值得掌握
457,connections,18,8,值得掌握
458,consumption,18,8,值得掌握
459,summer,18,8,值得掌握
460,productivity,18,7,值得掌握
461,sleep,18,7,值得掌握
462,brains,18,6,值得掌握
463,tests,18,5,值得掌握
464,voice,18,5,值得掌握
465,funded,18,4,值得掌握
466,intelligence,18,4,值得掌握
467,retirement,18,4,值得掌握
468,instincts,18,3,值得掌握
469,plastic,18,3,值得掌握
470,carey,18,2,值得掌握
471,allow,17,15,高频
472,amount,17,14,高频
473,order,17,14,高频
474,development,17,13,高频
475,ensure,17,13,高频
476,especially,17,13,高频
477,including,17,13,高频
478,key,17,13,高频
479,several,17,13,高频
480,community,17,12,高频
481,considered,17,12,高频
482,findings,17,12,高频
483,government,17,12,高频
484,usually,17,12,高频
485,activity,17,11,高频
486,behind,17,11,高频
487,increased,17,11,高频
488,looking,17,11,高频
489,per,17,11,高频
490,perfect,17,11,高频
491,probably,17,11,高频
492,risks,17,11,高频
493,changes,17,9,值得掌握
494,diseases,17,9,值得掌握
495,economy,17,9,值得掌握
496,jobs,17,9,值得掌握
497,market,17,9,值得掌握
498,medicine,17,9,值得掌握
499,spent,17,9,值得掌握
500,top,17,9,值得掌握
501,writing,17,9,值得掌握
502,ourselves,17,8,值得掌握
503,managers,17,7,值得掌握
504,plant,17,7,值得掌握
505,blood,17,6,值得掌握
506,dreams,17,6,值得掌握
507,fashion,17,6,值得掌握
508,contact,17,5,值得掌握
509,boredom,17,4,值得掌握
510,curiosity,17,4,值得掌握
511,mindset,17,2,值得掌握
512,bottled,17,1,值得掌握
513,opera,17,1,值得掌握
514,build,16,14,高频
515,anything,16,13,高频
516,ever,16,13,高频
517,interact,16,13,高频
518,level,16,13,高频
519,quite,16,13,高频
520,compared,16,12,高频
521,role,16,12,高频
522,solve,16,12,高频
523,determine,16,11,高频
524,hours,16,11,高频
525,stop,16,11,高频
526,travel,16,11,高频
527,within,16,11,高频
528,account,16,10,高频
529,associated,16,10,高频
530,economic,16,10,高频
531,everyone,16,10,高频
532,history,16,10,高频
533,left,16,10,高频
534,mean,16,10,高频
535,million,16,10,高频
536,non,16,10,高频
537,price,16,10,高频
538,rate,16,10,高频
539,resources,16,10,高频
540,sure,16,10,高频
541,week,16,10,高频
542,workplace,16,10,高频
543,aware,16,9,值得掌握
544,colleagues,16,9,值得掌握
545,habit,16,9,值得掌握
546,reasons,16,9,值得掌握
547,showed,16,9,值得掌握
548,succeed,16,9,值得掌握
549,action,16,8,值得掌握
550,income,16,8,值得掌握
551,issues,16,8,值得掌握
552,paper,16,8,值得掌握
553,rich,16,8,值得掌握
554,wanted,16,8,值得掌握
555,worth,16,8,值得掌握
556,yourself,16,8,值得掌握
557,consume,16,7,值得掌握
558,engineering,16,7,值得掌握
559,face,16,7,值得掌握
560,progress,16,7,值得掌握
561,website,16,6,值得掌握
562,drivers,16,5,值得掌握
563,game,16,5,值得掌握
564,bike,16,3,值得掌握
565,fans,16,3,值得掌握
566,multitasking,16,1,值得掌握
567,rum,16,1,值得掌握
568,deal,15,12,高频
569,limited,15,12,高频
570,reality,15,12,高频
571,animal,15,11,高频
572,available,15,11,高频
573,group,15,11,高频
574,move,15,11,高频
575,already,15,10,高频
576,answer,15,10,高频
577,cannot,15,10,高频
578,easily,15,10,高频
579,expected,15,10,高频
580,mostly,15,10,高频
581,particular,15,10,高频
582,relationship,15,10,高频
583,seems,15,10,高频
584,thus,15,10,高频
585,complex,15,9,值得掌握
586,desire,15,9,值得掌握
587,helping,15,9,值得掌握
588,meaning,15,9,值得掌握
589,paying,15,9,值得掌握
590,reach,15,9,值得掌握
591,until,15,9,值得掌握
592,walking,15,9,值得掌握
593,humans,15,8,值得掌握
594,love,15,8,值得掌握
595,prices,15,8,值得掌握
596,side,15,8,值得掌握
597,strategies,15,8,值得掌握
598,toward,15,8,值得掌握
599,hour,15,7,值得掌握
600,rates,15,7,值得掌握
